{
  "t.production_year > 2000": 0.5463930084578169,
  "it.info = 'bottom 10 rank'": 0.008849557522123894,
  "ct.kind = 'production companies'": 0.25,
  "mc.note NOT LIKE '%(as Metro-Goldwyn-Mayer Pictures)%'": 0.9999800699773755
}